{"v":"4.12.0","fr":30,"ip":0,"op":40,"w":400,"h":400,"nm":"password1","ddd":0,"assets":[],"layers":[{"ddd":0,"ind":1,"ty":4,"nm":"paupiere1","sr":1,"ks":{"o":{"a":0,"k":100,"ix":11},"r":{"a":0,"k":0,"ix":10},"p":{"a":0,"k":[200,200,0],"ix":2},"a":{"a":0,"k":[200,200,0],"ix":1},"s":{"a":0,"k":[100,100,100],"ix":6}},"ao":0,"shapes":[{"ty":"gr","it":[{"ind":0,"ty":"sh","ix":1,"ks":{"a":1,"k":[{"i":{"x":0.833,"y":0.833},"o":{"x":0.167,"y":0.167},"n":"0p833_0p833_0p167_0p167","t":0,"s":[{"i":[[0,0],[58.778,0],[18.063,-52.652]],"o":[[-18.062,-52.652],[-58.779,0],[0,0]],"v":[[126.775,45.25],[0,-45.25],[-126.775,45.25]],"c":false}],"e":[{"i":[[0,0],[58.778,0],[17.776,52.5]],"o":[[-21.775,50],[-58.779,0],[0,0]],"v":[[126.775,45.25],[0.001,136.75],[-126.775,45.25]],"c":false}]},{"i":{"x":0.833,"y":0.833},"o":{"x":0.167,"y":0.167},"n":"0p833_0p833_0p167_0p167","t":10,"s":[{"i":[[0,0],[58.778,0],[17.776,52.5]],"o":[[-21.775,50],[-58.779,0],[0,0]],"v":[[126.775,45.25],[0.001,136.75],[-126.775,45.25]],"c":false}],"e":[{"i":[[0,0],[58.778,0],[17.776,52.5]],"o":[[-21.775,50],[-58.779,0],[0,0]],"v":[[126.775,45.25],[0.001,136.75],[-126.775,45.25]],"c":false}]},{"i":{"x":0.833,"y":0.833},"o":{"x":0.167,"y":0.167},"n":"0p833_0p833_0p167_0p167","t":20,"s":[{"i":[[0,0],[58.778,0],[17.776,52.5]],"o":[[-21.775,50],[-58.779,0],[0,0]],"v":[[126.775,45.25],[0.001,136.75],[-126.775,45.25]],"c":false}],"e":[{"i":[[0,0],[58.778,0],[18.063,-52.652]],"o":[[-18.062,-52.652],[-58.779,0],[0,0]],"v":[[126.775,45.25],[0,-45.25],[-126.775,45.25]],"c":false}]},{"t":30}],"ix":2},"nm":"Tracé 1","mn":"ADBE Vector Shape - Group","hd":false},{"ty":"st","c":{"a":0,"k":[0,0,0,1],"ix":3},"o":{"a":0,"k":100,"ix":4},"w":{"a":0,"k":24,"ix":5},"lc":1,"lj":1,"ml":10,"nm":"Contour 1","mn":"ADBE Vector Graphic - Stroke","hd":false},{"ty":"tr","p":{"a":0,"k":[200,153.75],"ix":2},"a":{"a":0,"k":[0,0],"ix":1},"s":{"a":0,"k":[100,100],"ix":3},"r":{"a":0,"k":0,"ix":6},"o":{"a":0,"k":100,"ix":7},"sk":{"a":0,"k":0,"ix":4},"sa":{"a":0,"k":0,"ix":5},"nm":"Transformer "}],"nm":"paupiere","np":2,"cix":2,"ix":1,"mn":"ADBE Vector Group","hd":false}],"ip":0,"op":240,"st":0,"bm":0},{"ddd":0,"ind":2,"ty":4,"nm":"Calque de forme 1","td":1,"sr":1,"ks":{"o":{"a":0,"k":100,"ix":11},"r":{"a":0,"k":0,"ix":10},"p":{"a":1,"k":[{"i":{"x":0.833,"y":0.833},"o":{"x":0.167,"y":0.167},"n":"0p833_0p833_0p167_0p167","t":0,"s":[200,200,0],"e":[200,200,0],"to":[0,0,0],"ti":[0,0,0]},{"i":{"x":0.833,"y":0.833},"o":{"x":0.167,"y":0.167},"n":"0p833_0p833_0p167_0p167","t":2,"s":[200,200,0],"e":[200,304.5,0],"to":[0,17.4166660308838,0],"ti":[0,-17.4166660308838,0]},{"i":{"x":0.833,"y":0.833},"o":{"x":0.167,"y":0.167},"n":"0p833_0p833_0p167_0p167","t":8,"s":[200,304.5,0],"e":[200,304.5,0],"to":[0,0,0],"ti":[0,0,0]},{"i":{"x":0.833,"y":0.833},"o":{"x":0.167,"y":0.167},"n":"0p833_0p833_0p167_0p167","t":21,"s":[200,304.5,0],"e":[200,200,0],"to":[0,-17.4166660308838,0],"ti":[0,17.4166660308838,0]},{"t":28}],"ix":2},"a":{"a":0,"k":[0,0,0],"ix":1},"s":{"a":0,"k":[100,100,100],"ix":6}},"ao":0,"shapes":[{"ty":"gr","it":[{"ind":0,"ty":"sh","ix":1,"ks":{"a":0,"k":{"i":[[43.085,0],[0,-29.787],[-43.085,0],[0,29.787]],"o":[[-43.085,0],[0,29.787],[43.085,0],[0,-29.787]],"v":[[0,-53.935],[-78.013,0],[0,53.935],[78.013,0]],"c":true},"ix":2},"nm":"Tracé 1","mn":"ADBE Vector Shape - Group","hd":false},{"ty":"fl","c":{"a":0,"k":[0.792156982422,0.019608000213,0.219607992733,1],"ix":4},"o":{"a":0,"k":100,"ix":5},"r":1,"nm":"Fond 1","mn":"ADBE Vector Graphic - Fill","hd":false},{"ty":"tr","p":{"a":0,"k":[-0.034,-0.69],"ix":2},"a":{"a":0,"k":[0,0],"ix":1},"s":{"a":0,"k":[100,100],"ix":3},"r":{"a":0,"k":0,"ix":6},"o":{"a":0,"k":100,"ix":7},"sk":{"a":0,"k":0,"ix":4},"sa":{"a":0,"k":0,"ix":5},"nm":"Transformer "}],"nm":"Ellipse 1","np":3,"cix":2,"ix":1,"mn":"ADBE Vector Group","hd":false}],"ip":0,"op":240,"st":0,"bm":0},{"ddd":0,"ind":3,"ty":4,"nm":"eyes Silhouettes","tt":1,"sr":1,"ks":{"o":{"a":0,"k":100,"ix":11},"r":{"a":0,"k":0,"ix":10},"p":{"a":0,"k":[200,200,0],"ix":2},"a":{"a":0,"k":[200,200,0],"ix":1},"s":{"a":0,"k":[100,100,100],"ix":6}},"ao":0,"shapes":[{"ty":"gr","it":[{"ind":0,"ty":"sh","ix":1,"ks":{"a":0,"k":{"i":[[3.492,3.503],[0,5.004],[-3.504,3.503],[-5.006,0],[-3.504,-3.492],[0,-4.993],[3.492,-3.493],[4.991,0]],"o":[[-3.504,-3.493],[0,-4.993],[3.492,-3.492],[4.991,0],[3.492,3.503],[0,5.004],[-3.504,3.503],[-5.006,0]],"v":[[-0.75,18.75],[-5.999,6],[-0.75,-6.75],[12.002,-12],[24.751,-6.75],[30,6],[24.751,18.75],[12.002,24]],"c":true},"ix":2},"nm":"Tracé 1","mn":"ADBE Vector Shape - Group","hd":false},{"ind":1,"ty":"sh","ix":2,"ks":{"a":0,"k":{"i":[[9.248,-9.493],[0,-12.996],[-9.257,-9.246],[-13.499,0],[-9.257,9.258],[0,13.5],[9.248,9.503],[13.502,0]],"o":[[-9.257,9.503],[0,13.5],[9.248,9.258],[13.502,0],[9.248,-9.246],[0,-12.996],[-9.257,-9.493],[-13.499,0]],"v":[[-34.125,-9.75],[-48,24],[-34.125,58.124],[0,72],[34.125,58.124],[48,24],[34.125,-9.75],[0,-24]],"c":true},"ix":2},"nm":"Tracé 2","mn":"ADBE Vector Shape - Group","hd":false},{"ty":"fl","c":{"a":0,"k":[0,0,0,1],"ix":4},"o":{"a":0,"k":100,"ix":5},"r":1,"nm":"Fond 1","mn":"ADBE Vector Graphic - Fill","hd":false},{"ty":"tr","p":{"a":0,"k":[199.436,169.563],"ix":2},"a":{"a":0,"k":[0,0],"ix":1},"s":{"a":0,"k":[100,100],"ix":3},"r":{"a":0,"k":0,"ix":6},"o":{"a":0,"k":100,"ix":7},"sk":{"a":0,"k":0,"ix":4},"sa":{"a":0,"k":0,"ix":5},"nm":"Transformer "}],"nm":"oeil","np":3,"cix":2,"ix":2,"mn":"ADBE Vector Group","hd":false}],"ip":0,"op":240,"st":0,"bm":0}]}